alias,linkerSequence,bcSeq,gender,primer,ltrBit,largeLTRFrag,vectorSeq,refGenome
GTSP3108-1,GTAAGGNNNNNNAGATCTGGAATGAACTGGCC,AAACATCGAAGGACAC,m,GAAAATC,TCTAGCA,TGCTAGAGATTTTCCACACTGACTAAAAGGGT,vector_Biasco.fa,hg38
GTSP3105-1,GTAAGGNNNNNNAGATCTGGAATGAACTGGCC,AAACATCGAACTCACC,m,GAAAATC,TCTAGCA,TGCTAGAGATTTTCCACACTGACTAAAAGGGT,vector_Biasco.fa,hg38
GTSP3106-1,GTAAGGNNNNNNAGATCTGGAATGAACTGGCC,AAACATCGAAGACGGA,m,GAAAATC,TCTAGCA,TGCTAGAGATTTTCCACACTGACTAAAAGGGT,vector_Biasco.fa,hg38
GTSP3107-1,GTAAGGNNNNNNAGATCTGGAATGAACTGGCC,AAACATCGAAGAGATC,m,GAAAATC,TCTAGCA,TGCTAGAGATTTTCCACACTGACTAAAAGGGT,vector_Biasco.fa,hg38
GTSP3104-1,GTAAGGNNNNNNAGATCTGGAATGAACTGGCC,AAACATCGAACGCTTA,m,GAAAATC,TCTAGCA,TGCTAGAGATTTTCCACACTGACTAAAAGGGT,vector_Biasco.fa,hg38
GTSP3101-1,GTAAGGNNNNNNAGATCTGGAATGAACTGGCC,AAACATCGAAACATCG,m,GAAAATC,TCTAGCA,TGCTAGAGATTTTCCACACTGACTAAAAGGGT,vector_Biasco.fa,hg38
GTSP3102-1,GTAAGGNNNNNNAGATCTGGAATGAACTGGCC,AAACATCGAACAACCA,m,GAAAATC,TCTAGCA,TGCTAGAGATTTTCCACACTGACTAAAAGGGT,vector_Biasco.fa,hg38
GTSP3103-1,GTAAGGNNNNNNAGATCTGGAATGAACTGGCC,AAACATCGAACCGAGA,m,GAAAATC,TCTAGCA,TGCTAGAGATTTTCCACACTGACTAAAAGGGT,vector_Biasco.fa,hg38
GTSP3109-1,GTAAGGNNNNNNAGATCTGGAATGAACTGGCC,AACAACCAAAACATCG,m,GAAAATC,TCTAGCA,TGCTAGAGATTTTCCACACTGACTAAAAGGGT,vector_Biasco.fa,hg38
GTSP3110-1,GTAAGGNNNNNNAGATCTGGAATGAACTGGCC,AACAACCAAACAACCA,m,GAAAATC,TCTAGCA,TGCTAGAGATTTTCCACACTGACTAAAAGGGT,vector_Biasco.fa,hg38
GTSP3111-1,GTAAGGNNNNNNAGATCTGGAATGAACTGGCC,AACAACCAAACCGAGA,m,GAAAATC,TCTAGCA,TGCTAGAGATTTTCCACACTGACTAAAAGGGT,vector_Biasco.fa,hg38
